/*
SQLyog Professional v12.09 (64 bit)
MySQL - 8.0.30 : Database - exchange
*********************************************************************
*/

/*!40101 SET NAMES utf8 */;

/*!40101 SET SQL_MODE=''*/;

/*!40014 SET @OLD_UNIQUE_CHECKS=@@UNIQUE_CHECKS, UNIQUE_CHECKS=0 */;
/*!40014 SET @OLD_FOREIGN_KEY_CHECKS=@@FOREIGN_KEY_CHECKS, FOREIGN_KEY_CHECKS=0 */;
/*!40101 SET @OLD_SQL_MODE=@@SQL_MODE, SQL_MODE='NO_AUTO_VALUE_ON_ZERO' */;
/*!40111 SET @OLD_SQL_NOTES=@@SQL_NOTES, SQL_NOTES=0 */;
CREATE DATABASE /*!32312 IF NOT EXISTS*/`exchange` /*!40100 DEFAULT CHARACTER SET utf8mb4 COLLATE utf8mb4_0900_ai_ci */ /*!80016 DEFAULT ENCRYPTION='N' */;

USE `exchange`;

/*Table structure for table `admin` */

DROP TABLE IF EXISTS `admin`;

CREATE TABLE `admin` (
  `cid` int NOT NULL AUTO_INCREMENT,
  `cname` varchar(32) NOT NULL,
  `cpass` varchar(32) NOT NULL,
  PRIMARY KEY (`cid`),
  UNIQUE KEY `cname` (`cname`),
  KEY `cnameI` (`cname`)
) ENGINE=InnoDB AUTO_INCREMENT=2 DEFAULT CHARSET=utf8mb4 COLLATE=utf8mb4_0900_ai_ci;

/*Data for the table `admin` */

insert  into `admin`(`cid`,`cname`,`cpass`) values (1,'admin','123');

/*Table structure for table `customer` */

DROP TABLE IF EXISTS `customer`;

CREATE TABLE `customer` (
  `cid` int NOT NULL AUTO_INCREMENT,
  `cname` varchar(32) NOT NULL,
  `cpass` varchar(32) NOT NULL,
  `email` varchar(32) NOT NULL,
  `qq` varchar(32) DEFAULT (_utf8mb4'无'),
  `wechat` varchar(32) DEFAULT (_utf8mb4'无'),
  `phone` varchar(32) DEFAULT (_utf8mb4'无'),
  `des` varchar(256) DEFAULT (_utf8mb4'无'),
  `rcon` smallint NOT NULL DEFAULT (0),
  PRIMARY KEY (`cid`),
  UNIQUE KEY `cname` (`cname`),
  KEY `cnameI` (`cname`)
) ENGINE=InnoDB AUTO_INCREMENT=101 DEFAULT CHARSET=utf8mb4 COLLATE=utf8mb4_0900_ai_ci;

/*Data for the table `customer` */

insert  into `customer`(`cid`,`cname`,`cpass`,`email`,`qq`,`wechat`,`phone`,`des`,`rcon`) values (1,'Anita Cruz','123','anitac55@icloud.com','9797422969','0ncSMSuSQA','15007004648','个人描述：jXnLcRhhA0',1),(2,'Marcus Reyes','123','marcusr@icloud.com','3842881903','tjrDjkK8L4','19209838601','个人描述：fA6Nd2AAUQ',1),(3,'Travis Wright','123','traviswri63@gmail.com','4506887911','PJtqF1sPAx','208037348','个人描述：WEvKgFJT1N',1),(4,'Kenneth Spencer','123','kennethspencer1205@gmail.com','4583768837','rxQcLbxYmT','107472137','个人描述：78TjGCPP9o',1),(5,'Emma Martinez','123','emart711@outlook.com','4865344103','JP5EqakoJm','284750223','个人描述：EzptrKFDwd',1),(6,'Joyce Kennedy','123','kejoyce@gmail.com','9599428693','ld1L2Ddt3C','15656431816','我不是的心',1),(7,'Benjamin Bailey','123','benjamin821@yahoo.com','9317905122','FX1SDDjscu','16658982867','个人描述：lBO8xJOR9Y',1),(8,'Bernard Ferguson','123','ferguson49@icloud.com','2990223535','AwgC33pMJx','104389507','个人描述：lxZ5QF3sJO',1),(9,'Jonathan Romero','123','rjonat226@gmail.com','7866719712','WCqqLhuNDr','18256193811','个人描述：tlIHBNy8dh',1),(10,'Laura Henry','123','laura6@outlook.com','3403598169','wzACWhQt2B','151558024401','个人描述：oaOy0ZQfWW',0),(11,'Esther Shaw','123','esther8@outlook.com','2278919527','uWQGZb96zt','75508831858','个人描述：aRYez5WYgh',1),(12,'Roy Ford','123','royfor56@yahoo.com','5050776305','7k0qESezfv','13910177229','个人描述：nFIulLNdzY',1),(13,'Sheila Henderson','123','hendersons@outlook.com','6604601852','oYCMhIs4DV','19786875458','个人描述：YWbEjVyp3U',1),(14,'Esther Johnson','123','esj@icloud.com','1431369984','HXtHahxo4U','7551941926','个人描述：EsmzldoMhT',1),(15,'Irene Anderson','123','irenea@mail.com','7634951984','FaWbkVl19v','13329031789','个人描述：QNQo1uvfsE',1),(16,'Todd Butler','123','toddbu9@icloud.com','9454648993','Jd0U9UkGYH','18807880928','个人描述：mC6qSj2M20',1),(17,'Luis Roberts','123','robertsluis@icloud.com','1791332075','ncQTa1jtEm','13157195234','个人描述：NwF9duPyg6',1),(18,'Diana Tran','123','diana806@gmail.com','1589288740','2W8jpsNNsx','76034005580','个人描述：SKl7Ff9MpZ',1),(19,'Cynthia Powell','123','powell5@outlook.com','8515491970','pERlhY8AsH','18084297163','个人描述：LnMYjCiZ34',1),(20,'Lois Woods','123','woodslois@gmail.com','3247909403','pKvl9yz6Wj','19183818111','个人描述：Z1idmttZlW',1),(21,'Brian Kelly','123','brian10@hotmail.com','7960126558','5pCbU8FH4k','17482670981','个人描述：R4OflTRxsA',1),(22,'Michelle Hamilton','123','hamilton4@outlook.com','0560012458','LnXDdOcuKM','19551358147','个人描述：gZAB7I2yh3',1),(23,'Thelma Long','123','lothelma@gmail.com','5692482994','OFU2Qm0TeR','1065344013','个人描述：pzCVlIS2BD',1),(24,'Roger Rice','123','roger531@yahoo.com','0595630402','cB42hS2Pb8','7605617845','个人描述：Pi1qtEesst',1),(25,'Travis Garcia','123','garciatravi@gmail.com','0873664672','PkJST5m8HI','7694325781','个人描述：Vnz2QBtaJx',1),(26,'Edith Miller','123','miller323@gmail.com','0300766936','m7FL26VNBO','215847493','个人描述：1D5uZk8p7O',1),(27,'Jesse Weaver','123','weaver618@icloud.com','9106038809','7YEKRg7032','18425711075','个人描述：FvybeFB5Yj',1),(28,'Albert Simpson','123','salbert805@yahoo.com','0910788477','UpSrjlWu4u','7557815466','个人描述：vzsd0rWgCL',1),(29,'Chad Johnson','123','chad409@hotmail.com','3615656702','XV9uE70EAA','101610949','个人描述：hXIHZEZboS',1),(30,'Frank Scott','123','scott7@gmail.com','0156213501','LR0sHuVLij','16084865396','个人描述：Wwq8sNMaoU',1),(31,'Lois Mitchell','123','mitlois@gmail.com','3877171065','M0O2khXj8c','18787970300','个人描述：Pzym9p7Whi',1),(32,'Judy Stephens','123','judys114@gmail.com','8754008124','7NkKRp3Sqa','76015616220','个人描述：5VpSNoXR7J',1),(33,'Phillip Chavez','123','chavezph719@gmail.com','0894390884','reYuUSsycq','19354858871','个人描述：69p9FT8uAr',1),(34,'Kimberly Young','123','youngkimb@icloud.com','0918246682','MovtTmuAcV','7604534712','个人描述：koc7hS8au2',1),(35,'Leslie Smith','123','smilesli@icloud.com','8243235790','HTh8RyxAXJ','284389832','个人描述：ffStUZokIo',1),(36,'Bobby Ortiz','123','ortibobby@gmail.com','4896829171','mUwWhwICqh','16225369059','个人描述：a4Qnz8uigf',1),(37,'Janet Perry','123','janetpe@gmail.com','7278099548','X2us79CGqd','16368092347','个人描述：NxKZ6Iyrhy',1),(38,'Lee Ford','123','leefor@icloud.com','3639614881','lty92scQCt','103285253','个人描述：slyl5t1bKq',1),(39,'Karen Mcdonald','123','karm1010@outlook.com','4018001384','rYEKhiG3ov','2164034504','个人描述：Dbvg60ss9j',1),(40,'Brandon Herrera','123','bh318@outlook.com','0707817810','zGcQC3Ob6T','2077601822','个人描述：uidXOnnVNx',1),(41,'Anita Dunn','123','anitadunn@gmail.com','5271626763','16Pnuk4Z8N','18772844896','个人描述：F2zyZSs27E',1),(42,'Josephine Murphy','123','jomu40@yahoo.com','2090209245','GFbEaXlRam','7690253142','个人描述：Yg8Lgb3IC8',1),(43,'Elizabeth Stevens','123','elizabethstevens@icloud.com','5632720351','oMvTDUctl1','14351720088','个人描述：VrKIUgpMTd',1),(44,'Marjorie Schmidt','123','marjorie2@yahoo.com','6969024089','NicWI1zrgG','75551694027','个人描述：xoJQUaezr4',1),(45,'Melvin Adams','123','melvinadams@gmail.com','1025924326','oV2Xn1YPgy','280666803','个人描述：xqe87lLizm',1),(46,'Justin Hughes','123','hjus@outlook.com','3057710266','M6TTyJPQ99','1034741409','个人描述：kjlJFnqkhM',1),(47,'Eugene Foster','123','fostereugene57@outlook.com','0624334912','vnAoYK5ej7','13026876927','个人描述：b90W0nkcWb',1),(48,'Clara Thompson','123','clathom@yahoo.com','2952796784','VZW5IPKKDx','19386073476','个人描述：kJ5EHlusGZ',1),(49,'Emily Hawkins','123','ehawkins@outlook.com','8252383154','XOKAyOZ0yu','281458509','个人描述：U7QjHKQdIA',1),(50,'Pamela Moreno','123','moreno2017@gmail.com','1812049728','0Dc3wEmUYk','76953276409','个人描述：ljdUmz47Eh',1),(51,'Phyllis Castro','123','phylcastro@gmail.com','6296482475','yn0heQDcL2','19234909409','个人描述：HoSyzdkLdX',1),(52,'Justin Herrera','123','herrera5@gmail.com','1727982224','yRb84iJCUt','1033484408','个人描述：dZKldUerW8',1),(53,'Bonnie Marshall','123','marsbonnie42@hotmail.com','6552934107','YgEfEPZ2Cl','204751963','个人描述：YM1DO0GWLz',1),(54,'Vincent Hill','123','vincenthill@mail.com','2864207107','GwTha93vev','1028139920','个人描述：wyQhM5q3aC',1),(55,'Jacob Adams','123','jacobadams@hotmail.com','4477427420','MLpUxbcy2X','19219262153','个人描述：I22kvIVFhP',1),(56,'Peggy Thompson','123','peggth1952@gmail.com','2153101371','D68Wbaqgwi','19726331655','个人描述：LuQHaqvPi4',1),(57,'Anthony Long','123','anthonylong@mail.com','9327373185','IwiVshtg0T','218273891','个人描述：9hxv6B4KIl',1),(58,'Mario Reynolds','123','marioreynolds7@gmail.com','4298279029','KmBPXjlySk','17648246983','个人描述：XmKdKJv0Gx',1),(59,'Marie Marshall','123','mam2003@gmail.com','9474496788','m1Oh5c5r6D','13396741071','个人描述：mryBzKcFbb',1),(60,'Mildred Harris','123','mildharris@yahoo.com','5419107813','kjsfan0XJX','108443082','个人描述：nWVYzZJOWe',1),(61,'Randall Chavez','123','chavez818@outlook.com','2226424312','sO8WZ7fXT2','75589847350','个人描述：fKJKsp9Rko',1),(62,'Ann Torres','123','torres1123@icloud.com','6043512154','exvROAJQH5','203878845','个人描述：IGScc0te0W',1),(63,'Manuel Murphy','123','manuelmurp@icloud.com','9522499741','i6Lr2zF3tZ','13809136494','个人描述：l11VZIcpi1',1),(64,'Rosa Collins','123','rcollins@icloud.com','6787913633','lp9pg7A9Kb','14919375861','个人描述：Xg3aCTkW6w',1),(65,'Jimmy Phillips','123','jimmy78@icloud.com','7606785473','DhZxcPKOq5','75545401701','个人描述：ISidNMeNA1',1),(66,'Brian Thomas','123','thomasbrian@yahoo.com','3746125000','lmTNqK8keN','2888598358','个人描述：t6dxlCidMm',1),(67,'Norman Nguyen','123','normannguyen9@gmail.com','8258101019','FV2CWA3f1n','13273575839','个人描述：4gU7buarpC',1),(68,'Andrew Carter','123','andrewcarter9@outlook.com','1280194004','0xp0zLK0NM','2835240297','个人描述：toPwiNyDmu',1),(69,'Laura Aguilar','123','al3@gmail.com','7487913970','hEsWvGsF1a','17651333216','个人描述：0jjNls9qL5',1),(70,'Kevin White','123','kevin311@mail.com','0306830483','cwcLqMkUyu','19443847289','个人描述：jRZeE2hWxs',1),(71,'Nicholas Vasquez','123','nva@mail.com','2890756224','PcD2nrulEI','204526190','个人描述：eVzp8j5Ne6',1),(72,'Jack Anderson','123','aj55@outlook.com','3352476045','ispqM5R9Dg','75512169938','个人描述：Zs512jEY61',1),(73,'Theresa Owens','123','owens10@gmail.com','5917339264','GaUzQJBL35','7609191897','个人描述：4uR98RJefm',1),(74,'Jimmy Chavez','123','cjimmy@yahoo.com','9905716675','YWkNRol4vV','7606917700','个人描述：qhkzjdJ6Cb',1),(75,'Catherine Torres','123','torcat930@gmail.com','6027911299','s0MPBFe3Tv','2061989072','个人描述：fTWmf147FG',1),(76,'Joyce Garcia','123','joyce4@gmail.com','0771778725','kp541PQORo','76026023725','个人描述：xaXqLpSdib',1),(77,'Andrea Robinson','123','arobinson@gmail.com','1772475660','iErNjelqYP','18295672638','个人描述：uxyvmfahCi',1),(78,'Amy Tucker','123','amytucker1218@outlook.com','2705516576','wCAMGEE1GW','7691937677','个人描述：d6L330Bw1C',1),(79,'Donald Stephens','123','sd1026@icloud.com','9394042416','jw7uGtaidm','108738675','个人描述：QB9sVhh3Nx',1),(80,'Kathleen Perez','123','kathpe6@gmail.com','2698335175','5pYrJpJwSc','19587996373','个人描述：b3XxSOHbp1',1),(81,'Linda Torres','123','lindato@mail.com','6092659588','j7rcq42ROk','106770347','个人描述：ntY4iEhbLs',1),(82,'Patrick Weaver','123','weaverpat@icloud.com','7084774837','OP9cbK2pQb','212071877','个人描述：1BacbOPUfx',1),(83,'Brian Owens','123','brian6@gmail.com','3897064102','c9jVF9tszS','16891443201','个人描述：8uOXrCT3l5',1),(84,'Rodney Salazar','123','salazarrodney@outlook.com','4682155086','jOjSPJmOwo','76068271829','个人描述：6o1mfW62pM',1),(85,'Deborah Spencer','123','ds8@hotmail.com','6982845235','R6TfFiZrMx','14369731780','个人描述：9AjCEALkrH',1),(86,'Don Mcdonald','123','mcdonalddon@icloud.com','6811669671','65xt2D0wo1','76947887237','个人描述：t0GpZjW8ag',1),(87,'Gerald Bennett','123','bennege225@outlook.com','6590616168','7BG8t5IMiP','7604619286','个人描述：DeqaOmFm3M',1),(88,'Luis Dunn','123','duluis@outlook.com','1485451079','SMfm8iPPjW','14006756135','个人描述：VX3iZFarb6',1),(89,'Victor Moore','123','victor41@mail.com','3824638516','tU6MC39B2h','204848814','个人描述：0i4arE3Qyu',1),(90,'Marilyn Freeman','123','marfreem913@gmail.com','4044211844','77KM73xYJp','13970400284','个人描述：8IeU5pD4ce',1),(91,'Rebecca Spencer','123','rebecca95@gmail.com','0392362467','GzkCsMDqzj','15953092841','个人描述：TdxDyGIkk2',1),(92,'Kim Campbell','123','kim68@outlook.com','2145651999','DVpoGmwHan','200662423','个人描述：4a8mzFJw3X',1),(93,'Carl Meyer','123','meyer317@gmail.com','3221643713','g60cCX3yqR','15224122447','个人描述：V4R2z00851',1),(94,'Teresa Miller','123','milleteresa@mail.com','0938311009','hH4Wt6Dbzs','14720098476','个人描述：dIpmhFO2U2',1),(95,'Chad Spencer','123','schad@icloud.com','0378709890','k7D8IOqAzz','205154416','个人描述：stgA6tIQaD',1),(96,'Roy Gibson','123','gibsonroy@outlook.com','5640040897','8x5MYF1RqN','19257065493','个人描述：pSec1XDQV9',1),(97,'Jesus Castro','123','cajesus@gmail.com','1994365190','VwdVGhTdbo','15191998030','个人描述：dzWllb7bCF',1),(98,'Timothy Warren','123','warren10@icloud.com','6353412646','3oyXp9BenU','282014515','个人描述：30hzZBk5mG',1),(99,'Esther Fisher','123','efi@icloud.com','6018349652','Jna8NxEM3m','2067406721','个人描述：hkDMDcD1sH',1),(100,'Ray Phillips','123','pray@yahoo.com','4894105543','Yxet6d37WW','7600349665','个人描述：gQmzMZlHY9',1);

/*Table structure for table `photo` */

DROP TABLE IF EXISTS `photo`;

CREATE TABLE `photo` (
  `ppid` int NOT NULL,
  `name` varchar(32) DEFAULT NULL,
  `url` varchar(128) DEFAULT NULL,
  KEY `pindex1` (`ppid`),
  KEY `pindex2` (`url`)
) ENGINE=InnoDB DEFAULT CHARSET=utf8mb4 COLLATE=utf8mb4_0900_ai_ci;

/*Data for the table `photo` */

insert  into `photo`(`ppid`,`name`,`url`) values (301,'bg.jpg','http://localhost:8088/photo/4b4f331d.jpg'),(212,'bg.jpg','http://localhost:8088/photo/cbeacc84.jpg'),(302,'bg.jpg','http://localhost:8088/photo/ffe3a054.jpg');

/*Table structure for table `product` */

DROP TABLE IF EXISTS `product`;

CREATE TABLE `product` (
  `pid` int NOT NULL AUTO_INCREMENT,
  `pcid` int NOT NULL,
  `pname` varchar(32) NOT NULL,
  `des` varchar(256) DEFAULT (_utf8mb4'无'),
  `type` varchar(32) DEFAULT (_utf8mb4'无'),
  `pcon` smallint NOT NULL DEFAULT (0),
  `rcon` smallint NOT NULL DEFAULT (0),
  `price` float DEFAULT (0),
  `item` varchar(32) DEFAULT (_utf8mb4'无'),
  PRIMARY KEY (`pid`),
  KEY `pcid1` (`pcid`),
  KEY `index1` (`pname`,`type`,`item`,`des`),
  CONSTRAINT `pcid1` FOREIGN KEY (`pcid`) REFERENCES `customer` (`cid`)
) ENGINE=InnoDB AUTO_INCREMENT=303 DEFAULT CHARSET=utf8mb4 COLLATE=utf8mb4_0900_ai_ci;

/*Data for the table `product` */

insert  into `product`(`pid`,`pcid`,`pname`,`des`,`type`,`pcon`,`rcon`,`price`,`item`) values (1,57,'Rambutan','物品描述：5CaIhaPdBu','运动与户外用品',0,2,56.6,'Pluots air'),(3,61,'Mango','物品描述：TrUAxXUBRI','书本',0,1,123.1,'ambi-wherry'),(4,17,'Raspjerry','物品描述：J0WdeGCjL3','电子游戏',0,1,82.1,'Stcawberry'),(5,26,'Kiwi','物品描述：oB4i2tyKG9','其他',0,1,159.7,'ctrawberry'),(6,38,'Ayple pro','物品描述：57yzsCJa7N','花园与户外',0,1,9.4,'xOwange'),(7,11,'Kiwi','物品描述：ybeFhzdgT9','花园与户外',0,1,3.7,'Rhmbutan'),(8,73,'Straweerry','物品描述：BijJfnAO9A','CD及黑胶唱片',0,1,171.1,'Kiwi'),(9,33,'Pluots','物品描述：4OSJCOq0af','CD及黑胶唱片',0,1,55.1,'therry'),(10,71,'Kiwi','物品描述：ckgacwILM9','电脑与电子用品',0,1,59,'Kdwi'),(11,67,'Mango','物品描述：uiHABW3jQM','婴儿用品',0,1,110.3,'Pluots'),(12,93,'Cherty plus','物品描述：RvTPzqYeG7','服装，鞋子和珠宝',0,1,158.6,'Raspberry mini'),(13,57,'Grape plus','物品描述：PkvWWzCmMP','电脑与电子用品',0,1,40.9,'Chercy premium'),(14,81,'ambi-Grape','物品描述：TGrPzC1wB6','花园与户外',0,1,139,'Pluots'),(15,89,'omni-Rhspberry','物品描述：o8IauSJRV3','电脑与电子用品',0,1,89.6,'gambutan plus'),(16,60,'Kiwi plus','物品描述：PXtf0kBly2','食品',0,1,15.8,'Pluots'),(17,65,'Pluots','物品描述：Of96v19Oop','保健，家庭及婴儿护理',0,1,62.1,'uango'),(18,83,'iStrawberry','物品描述：f0RjHnKltT','婴儿用品',0,1,85.5,'Klwi'),(19,88,'Orange','物品描述：BHR7FookgA','乐器用品',0,1,176,'Pluots'),(20,30,'Raspberry plus','物品描述：qzR2e5QWR3','美容与个人护理',0,1,147.4,'Mango core'),(21,38,'Cherry elite','物品描述：ovZAr2OozQ','食品',0,1,100.5,'omni-Orange'),(22,80,'upple','物品描述：CyvsGygN2t','运动与户外用品',0,1,7.7,'omni-Rambutan'),(23,25,'Orange elite','物品描述：ZtIANfsQvv','花园与户外',0,1,113.3,'Raspbsrry core'),(24,37,'Rambutan pro','物品描述：pbYIySPBbm','影视用品',0,1,48.7,'iMango'),(25,7,'Appue','物品描述：8S6MBUNthM','家电',0,1,90.3,'Strawberry premium'),(26,5,'Orange plus','物品描述：byMQ6BbNqR','CD及黑胶唱片',0,1,121.4,'Apple'),(27,64,'Apple','物品描述：exanVy3A9D','花园与户外',0,1,176.6,'Rambztan'),(28,73,'Rambutan','物品描述：p91XtLORVk','手工制作',0,1,68.8,'Cherry'),(29,27,'iiwi','物品描述：sUAmd8T98G','应用程式及游戏',0,1,23.3,'ultra-Kiwi'),(30,3,'Pzuots premium','物品描述：OY6rkHHr5M','影视用品',0,1,54,'omni-Rambutan'),(31,83,'Oraige elite','物品描述：iQ9dcqzBde','手机及配件',0,1,132.1,'Strawberry'),(32,26,'Graee','物品描述：l8k30acLZp','手工制作',0,1,42,'Plults'),(33,20,'ultra-Pluots','物品描述：mg4ReJF2ik','影视用品',0,1,102.7,'Cherry'),(34,32,'Grape','物品描述：mGBm4EzyBc','收藏品及美术用品',0,1,169.7,'Grxpe'),(35,68,'omni-Rambutan','物品描述：HfZ08mkBm0','应用程式及游戏',0,1,55.2,'Mango plus'),(36,61,'Cherry','物品描述：VToxveKMxA','汽车零配件',0,1,165.2,'Mango pi'),(37,19,'xOrange','物品描述：GF4OgTAHW6','工具与家居装饰',0,1,82.9,'Raspferry'),(38,1,'Rambuban','物品描述：hDa4OAqzHb','婴儿用品',0,1,135.1,'Kiwi'),(39,18,'Strawberry','物品描述：pct7F0INdW','汽车零配件',0,1,179.9,'Cgerry premium'),(40,49,'ultra-Cherry','物品描述：KbuD4Msyef','艺术，手工艺品及缝纫',0,1,135,'omni-Kiwi'),(41,72,'Raspberuy core','物品描述：0h7fBxakwP','玩具与游戏',0,1,47,'Grape plus'),(42,91,'qrape','物品描述：BIQxtDMdgU','优质美容',0,1,126.8,'Oranve pi'),(43,25,'jherry','物品描述：chXm1EYLUv','食品',0,1,18.1,'aango'),(44,36,'Cheary','物品描述：qIAd63FSGN','乐器用品',0,1,86.8,'gpple'),(45,98,'ultra-Rambutan','物品描述：Dt7y55HDJa','电子游戏',0,1,56.5,'Kiwi core'),(46,94,'Rambuaan','物品描述：S55GgWmK7v','电脑与电子用品',0,1,43.7,'hherry pi'),(47,11,'bpple','物品描述：qcuThVWlii','花园与户外',0,1,42.5,'Grape'),(48,28,'Strawberry air','物品描述：YiGjI9EgHp','服装，鞋子和珠宝',0,1,175.7,'Kiri'),(49,49,'Grape','物品描述：8n96UAvjN1','电子游戏',0,1,176,'Cwerry mini'),(50,19,'omni-Mengo','物品描述：USL4duqYY1','行李及旅行装备',0,1,48.8,'Mango elite'),(51,50,'Pluots','物品描述：SxBpYKWGeP','影视用品',0,1,160.8,'ultra-Owange'),(52,33,'ambi-Pluots','物品描述：UHUT1IbCNz','食品',0,1,40.4,'Cherry'),(53,99,'Sorawberry','物品描述：u6sA6Jmr1i','优质美容',0,1,91.6,'Stmawberry'),(54,47,'Raspberry pi','物品描述：gCGvViWinb','家电',0,1,78.3,'Kiwi'),(55,30,'Gpape mini','物品描述：AADXIlfCze','其他',0,1,162.6,'Manqo se'),(56,21,'Kiai','物品描述：WGl0wzpQAd','收藏品及美术用品',0,1,123.7,'Kiwi pro'),(57,77,'Rambutan','物品描述：dgE9KL6fjI','影视用品',0,1,41.6,'Kiwi'),(58,97,'xuherry','物品描述：lpCtmNYxrn','电脑与电子用品',0,1,124.5,'vtrawberry'),(59,93,'Akple','物品描述：1MAJcEMI3c','婴儿用品',0,1,122.8,'Kiwi se'),(60,63,'ypple','物品描述：oLZZUeq8xA','CD及黑胶唱片',0,1,160.9,'Pluots premium'),(61,65,'Pluots','物品描述：Oaytu4SM9n','运动与户外用品',0,1,165.5,'Raskberry premium'),(62,4,'Strawberry core','物品描述：WDMLVDcyFn','花园与户外',0,1,195.8,'Kiwi plus'),(63,5,'omni-Pluots','物品描述：yGMROx7mSo','家居及厨房用具',0,1,73.3,'Gsape'),(64,80,'Oraige','物品描述：vJCM5pFqqB','花园与户外',0,1,153.4,'itrawberry'),(65,72,'Cherry plus','物品描述：3RUoL9Ijvu','汽车零配件',0,1,25.5,'Mango pro'),(66,35,'frange air','物品描述：mF3jRzJSIC','乐器用品',0,1,21.9,'omni-Apple'),(67,53,'Orange','物品描述：AEErR94pDE','电子游戏',0,1,25.7,'Kiwi'),(68,2,'Rambutan','物品描述：Memsk1BhFV','艺术，手工艺品及缝纫',0,1,161.4,'prape mini'),(69,1,'Mango mini','物品描述：wf1byLdOLe','电脑与电子用品',0,1,151.6,'Kiwi'),(70,84,'Rambutan','物品描述：pn1KDvRCgy','美容与个人护理',0,1,91.4,'Plmots'),(71,54,'omni-Strawberry','物品描述：y6vL3qR4qK','手工制作',0,1,1.6,'Cherry plus'),(72,59,'Mango mini','物品描述：SIAceAnW7B','手机及配件',0,1,4.9,'Pluoes'),(73,66,'Raspberry','物品描述：QYjjwc2hIC','CD及黑胶唱片',0,1,76,'ultra-Strawberry'),(74,41,'Rambutan','物品描述：YDkk9dNNkZ','工具与家居装饰',0,1,41.7,'Pluots'),(75,51,'Oranse air','物品描述：lKSizAyLby','运动与户外用品',0,1,101.7,'Mango premium'),(76,64,'Orange pi','物品描述：xpfyhluQUl','其他',0,1,127.9,'Gxape'),(77,88,'Rambutan pro','物品描述：TCkxh3RPHh','宠物用品',0,1,4.7,'Raspberry'),(78,27,'Strawberry','物品描述：XPBh8gjBDk','艺术，手工艺品及缝纫',0,1,151.1,'ziwi'),(79,60,'Kiwi','物品描述：Tbyu9swShQ','书本',0,1,98,'Orange pro'),(80,10,'Raspberry','物品描述：rcDieIEcyS','家电',0,1,86.7,'ambi-Raspberry'),(81,81,'iRaspberry','物品描述：SnhCaRbTyt','食品',0,1,19.2,'Oranue mini'),(82,79,'xGmape','物品描述：IUKGDXVFAm','收藏品及美术用品',0,1,122,'Mango'),(83,70,'eambutan','物品描述：UNPS5sGwKF','运动与户外用品',0,1,16.9,'aiwi'),(85,40,'yiwi mini','物品描述：rc3qZPdzBm','宠物用品',0,1,86.9,'Orange'),(86,55,'iApple','物品描述：pzgHI1fiQA','行李及旅行装备',0,1,36.8,'Kiwi core'),(87,20,'ultra-Orante','物品描述：RyS1aGByB9','玩具与游戏',0,1,90.9,'Orange mini'),(88,37,'Manlo mini','物品描述：hcMwhUfLOm','玩具与游戏',0,1,37.4,'Sorawberry mini'),(89,70,'Mazgo','物品描述：YFQ9dGuxCX','影视用品',0,1,13.4,'Grape'),(90,87,'Apple elite','物品描述：sx6rYjrVn8','婴儿用品',0,1,197.7,'Kiwi'),(91,45,'Apple','物品描述：pFYzZgQKE1','宠物用品',0,1,116.6,'Apple core'),(92,13,'iKipi','物品描述：sfVA1zIfUJ','汽车零配件',0,1,88.7,'srange air'),(93,97,'Pluots','物品描述：vhphe7I1qN','手工制作',0,1,10.3,'xqambutan'),(94,82,'Oradge elite','物品描述：LI2kHk3qZQ','书本',0,1,37.7,'Rambutan'),(95,46,'Strasberry plus','物品描述：RdCqkh24k0','工具与家居装饰',0,1,42.8,'Raspberry'),(96,71,'Apple','物品描述：KzwEJE0GK1','家居及厨房用具',0,1,46.2,'orape elite'),(97,7,'omni-Mqngo','物品描述：ns6iSG3tD3','汽车零配件',0,1,137.7,'Mango mini'),(98,22,'xStrawberry','物品描述：X91vr3J8M5','宠物用品',0,1,176.8,'Oranle elite'),(99,53,'Orange se','物品描述：FylkPO7WJm','花园与户外',0,1,119.5,'Strawberyy elite'),(100,52,'Snrawberry','物品描述：14W54Cig0o','玩具与游戏',0,1,81.6,'Pluops plus'),(101,40,'iMango','物品描述：pvDEGXiawE','家电',0,1,34.7,'iOrange'),(102,24,'Rambutan','物品描述：4ERaniEFEH','艺术，手工艺品及缝纫',0,1,92.8,'Cherry'),(103,96,'Grope','物品描述：J71MAlve8b','工具与家居装饰',0,1,105.1,'Caerry plus'),(104,56,'Raspberry','物品描述：t88DJhAch4','影视用品',0,1,121.7,'orange air'),(105,95,'Oramge','物品描述：obJJB3WcKv','应用程式及游戏',0,1,52,'Kiwi mini'),(106,46,'taspberry elite','物品描述：OyeVx7Za5P','乐器用品',0,1,147.9,'Strawberry plus'),(107,43,'Pluots elite','物品描述：CKfjhTkfjO','食品',0,1,107.7,'lambutan'),(108,78,'Cherry elite','物品描述：Apx2CxRplB','花园与户外',0,1,157.2,'Graae pro'),(109,32,'Pluogs','物品描述：ZbfSQsGkZ1','手工制作',0,1,54,'mrape air'),(110,48,'Mango premium','物品描述：KFNeNTozbz','玩具与游戏',0,1,63.7,'icluots'),(111,92,'Grape','物品描述：cVqmdS51W7','其他',0,1,81.3,'Cherry'),(112,4,'Kiwi air','物品描述：dgiVaYNDNE','乐器用品',0,1,188.5,'viwi elite'),(113,96,'Grape pro','物品描述：RibwK6vEvs','婴儿用品',0,1,175.8,'iAxple'),(114,68,'Raspberry pro','物品描述：wFMPzAKYGh','艺术，手工艺品及缝纫',0,1,17.7,'ultra-eluots'),(115,13,'Raspberry','物品描述：O8Ud3arIu7','家电',0,1,172.5,'Orange premium'),(116,12,'Strawberfy','物品描述：mILE2DljHz','食品',0,1,172.1,'Orange mini'),(117,41,'Cherry','物品描述：wZUcnIE1U1','应用程式及游戏',0,1,138.7,'crape'),(118,21,'Grape','物品描述：661WsmTIS3','玩具与游戏',0,1,153.7,'Apple'),(119,34,'Pluots','物品描述：YEsT3bxN5g','运动与户外用品',0,1,90.3,'Kiwi'),(120,6,'Kqwi','物品描述：ApMJXize39','收藏品及美术用品',0,1,99.7,'Rambutan'),(121,92,'omni-viwi','物品描述：13oA3dvK4M','食品',0,1,43.6,'Ckerry'),(122,90,'iChtrry','物品描述：LWXaD4uEAo','工具与家居装饰',0,1,143,'omni-Chdrry'),(123,84,'Apple core','物品描述：GpFVc4obI3','书本',0,1,61,'Maygo'),(124,56,'Raspberry','物品描述：bpxCHmWwEf','家电',0,1,71.6,'Gxape'),(125,79,'yiwi','物品描述：jQah8cOEAn','其他',0,1,126.3,'ambi-Apple'),(126,17,'vrape mini','物品描述：oLNPVFI47X','玩具与游戏',0,1,88.9,'Raspberwy'),(127,100,'Pluoss','物品描述：nh0QSpV04E','应用程式及游戏',0,1,191.1,'Kiwi core'),(128,76,'xOrange','物品描述：Ed7OgfFHhT','应用程式及游戏',0,1,63.6,'Kiwi se'),(129,62,'baspberry','物品描述：bhQLX7XcB2','收藏品及美术用品',0,1,153.7,'Chzrry'),(130,55,'Kwwi','物品描述：JMupQiwEZ9','其他',0,1,69,'ambi-Rambutan'),(131,10,'omni-hrape','物品描述：6jVRtlL6HX','婴儿用品',0,1,78,'ultra-Raspberry'),(132,16,'Pluots pro','物品描述：gpOM0PsV4f','影视用品',0,1,140.7,'Orange'),(133,95,'Raspberry elite','物品描述：cqS76aBYKJ','宠物用品',0,1,140.7,'uambutan air'),(134,44,'piwi','物品描述：THKswhHcEy','书本',0,1,97.5,'Cherry'),(135,78,'jtrawberry','物品描述：lKwVajJMxs','电脑与电子用品',0,1,106.5,'Cheruy'),(136,87,'qambutan','物品描述：GSqSTXYoOZ','电脑与电子用品',0,1,7.6,'Apple'),(137,91,'Rambutan','物品描述：LCqLv19jyG','玩具与游戏',0,1,11.5,'ultra-Cherry'),(138,8,'Pldots','物品描述：p5OO0DvCG0','手机及配件',0,1,139.5,'Raspberry core'),(139,31,'ultra-Pluots','物品描述：MGC2VZQiZt','电脑与电子用品',0,1,164.8,'Orange pro'),(140,76,'Pluots air','物品描述：rVk2KVKGYQ','乐器用品',0,1,36.4,'Rambupan'),(141,36,'Cherry core','物品描述：m3dXTph8uZ','玩具与游戏',0,1,6.3,'Raspberry premium'),(142,77,'Grape','物品描述：LHoxpFgbB8','收藏品及美术用品',0,1,79.6,'Rambatan pi'),(143,12,'Psuots','物品描述：oh7yPg3fD0','保健，家庭及婴儿护理',0,1,164.4,'Orange'),(144,31,'ambi-Kigi','物品描述：I57ZTJLzAS','工业及科学用品',0,1,195.8,'Kiwi'),(145,45,'Raspberry','物品描述：urvdsyVslL','乐器用品',0,1,24.2,'Rambutan'),(146,94,'yambutan','物品描述：X0Zj4zVzZz','运动与户外用品',0,1,7.7,'Mango air'),(147,14,'ultra-raspberry','物品描述：bHvRXPopK8','艺术，手工艺品及缝纫',0,1,42.3,'Gsape'),(148,98,'Orange se','物品描述：6XzQRtZimx','书本',0,1,108.7,'Rambutan'),(149,14,'Rambutan se','物品描述：gmFJc9PiQ8','玩具与游戏',0,1,177.7,'yrape'),(150,47,'xRaspberry','物品描述：KQj2tV11S2','宠物用品',0,1,130.8,'Mango air'),(151,8,'Psuots pro','物品描述：BUqyBhhOYU','玩具与游戏',0,1,67.8,'sango core'),(152,54,'iApple','物品描述：UUbeGWNdUU','家电',0,1,146.3,'Grape se'),(153,51,'Plqots','物品描述：sO9vJgrQwb','CD及黑胶唱片',0,1,129.7,'sango pro'),(154,86,'nango pro','物品描述：ZnNTtTd5jF','影视用品',0,1,173.2,'Raspberry core'),(155,63,'ambi-Raspberry','物品描述：iQT5TLP5dk','书本',0,1,107.6,'omni-Raspberry'),(156,48,'Rtmbutan','物品描述：uhOZqoJtz4','玩具与游戏',0,1,100.4,'ztrawberry pi'),(157,86,'Mango mini','物品描述：bSHTLNI4dL','工具与家居装饰',0,1,115.9,'wtrawberry'),(158,39,'Appee premium','物品描述：nR4shob8V0','手机及配件',0,1,170.3,'Strawberry'),(159,100,'Appje','物品描述：SEECfbJIb1','电脑与电子用品',0,1,26.7,'xCherry'),(160,24,'Strawbeyry pi','物品描述：JMENFedAeU','婴儿用品',0,1,69.6,'trape air'),(161,28,'Raspberry elite','物品描述：uC3Wx8qSlE','影视用品',0,1,33.4,'Rambutan'),(162,34,'Raspberry pro','物品描述：besSG9hqzP','手机及配件',0,1,27,'Ojange'),(163,42,'Ormnge mini','物品描述：a9OdC3WtX7','运动与户外用品',0,1,81,'Raspberry elite'),(164,42,'Grape','物品描述：prxAd2Kdox','手机及配件',0,1,155,'Strawberry plus'),(165,74,'kpple','物品描述：D0V0lQ7fFk','艺术，手工艺品及缝纫',0,1,84.6,'Pluots'),(166,58,'Rambutan premium','物品描述：oPFLP7DHIR','宠物用品',0,1,93.5,'ambi-Oronge'),(167,23,'Mango','物品描述：xecOKEZhB6','保健，家庭及婴儿护理',0,1,13.6,'xGrape'),(168,66,'xherry air','物品描述：eSFF4CZwGi','玩具与游戏',0,1,26.4,'Cherry premium'),(169,44,'Apple','物品描述：s3y18kgDOr','工具与家居装饰',0,1,32,'Mango se'),(170,43,'Strawbyrry','物品描述：Jrm1IOUuDT','艺术，手工艺品及缝纫',0,1,178.4,'Raspberry'),(171,82,'Orqnge se','物品描述：WBJN1dbmNf','电脑与电子用品',0,1,160.4,'tiwi core'),(172,18,'omni-Mango','物品描述：VZHcZ55THP','手工制作',0,1,70.3,'Kiwi'),(173,2,'Orange core','物品描述：vBKUz4oNUT','工业及科学用品',0,1,91.2,'haspberry mini'),(174,15,'ultra-Plutts','物品描述：5gTiQ8wGAB','影视用品',0,1,64.1,'fiwi elite'),(175,39,'Kili core','物品描述：TCqZs6WyMh','应用程式及游戏',0,1,108.8,'iutrawberry'),(176,62,'ultra-Orenge','物品描述：Lgm5p7szjJ','家居及厨房用具',0,1,110.1,'Pyuots'),(177,90,'omni-Raspberry','物品描述：4pKHx8h5kv','婴儿用品',0,1,95.8,'Rambutan pro'),(178,16,'mherry','物品描述：RS0myIywac','应用程式及游戏',0,1,16.2,'rherry elite'),(179,75,'ultra-Grape','物品描述：3bSUzMlKUK','宠物用品',0,1,116.8,'ultra-gtrawberry'),(180,23,'Raspberry','物品描述：G0cK5Kxx2z','家居及厨房用具',0,1,186.9,'xApple'),(181,59,'Ravpberry','物品描述：oSDc3oAapY','艺术，手工艺品及缝纫',0,1,132.2,'Strawberyy air'),(182,58,'Oranae','物品描述：cO8nqApSNq','运动与户外用品',0,1,158.9,'iApple'),(183,3,'naspberry','物品描述：7kUMT1J94E','电子游戏',0,1,177.3,'Rambutan mini'),(184,99,'Raspberry','物品描述：kf17t8w9JM','食品',0,1,167.4,'Mango pro'),(185,69,'Plupts pro','物品描述：TZFUEbkPtY','影视用品',0,1,16.9,'Rasjberry'),(186,15,'Rambutan mini','物品描述：bTS1fNPKMy','手机及配件',0,1,29.1,'Kiwi'),(187,52,'bango','物品描述：aKovsytS1V','影视用品',0,1,168.7,'Stranberry mini'),(188,9,'Strawberry','物品描述：JOhoybWNCK','手机及配件',0,1,47.1,'ultra-Mango'),(189,9,'Pluots premium','物品描述：N1IOzsxjQe','宠物用品',0,1,21,'Mango core'),(190,35,'Orange pro','物品描述：qFvazgGNQE','乐器用品',0,1,63.2,'Ortnge core'),(191,74,'Strawberry','物品描述：UAMW0WH0Iu','艺术，手工艺品及缝纫',0,1,37.6,'Chercy'),(192,89,'Cherry premium','物品描述：ldAGxllCsj','影视用品',0,1,82.7,'omni-Mango'),(193,22,'diwi pi','物品描述：A8pFO06FZX','美容与个人护理',0,1,19.7,'Orange'),(194,85,'iambutan','物品描述：Wt5J45zwcD','家电',0,1,174.9,'Makgo core'),(195,75,'Makgo','物品描述：afuqFPFFsJ','应用程式及游戏',0,1,16,'Rambutan pi'),(196,29,'Macgo elite','物品描述：tCws3Pby2w','电子游戏',0,1,136.7,'Rasbberry pi'),(197,67,'qpple','物品描述：Xo1iwYkOOK','工具与家居装饰',0,1,115.3,'xRambutan'),(198,29,'Orange pro','物品描述：24ruWrMq3H','服装，鞋子和珠宝',0,1,198.2,'Raspberry'),(199,85,'Raspberry','物品描述：hkrQRAp80e','食品',0,1,50.4,'Raspberry mini'),(200,69,'Pluots elite','物品描述：We18xcrRXa','工业及科学用品',0,1,130.3,'wluots pro'),(201,21,'arape elite','物品描述：EzQvuDTF2A','美容与个人护理',0,1,51.6,'Pluots pro'),(202,77,'npple','物品描述：J6fFxlRI3e','行李及旅行装备',0,1,188.3,'Rambutqn air'),(203,2,'Grape pro','物品描述：LKkw2FTetH','运动与户外用品',0,1,147,'Mango'),(204,47,'omni-Raspberry','物品描述：GnBkW9Fonk','电脑与电子用品',0,1,124.7,'Raspberry'),(205,27,'zherry','物品描述：5qzfGAd5pw','CD及黑胶唱片',0,1,104,'Rambmtan'),(206,35,'Strawberry','物品描述：mvImgUjfC3','行李及旅行装备',0,1,153,'Rambutan'),(207,19,'Grape premium','物品描述：dzrbynnowJ','影视用品',0,1,175.9,'Grape'),(208,47,'erange','物品描述：eQrELxvg4D','手工制作',0,1,187.2,'Raspberry'),(209,97,'Strawberry mini','物品描述：bUHgfHHZXH','运动与户外用品',0,1,193.4,'gango'),(210,51,'Kiti','物品描述：Ek1qTpjGFG','行李及旅行装备',0,1,73.3,'Rambutan'),(211,80,'Cherry mini','物品描述：SGpCa70iMz','汽车零配件',0,1,58.9,'Ploots'),(212,6,'ultra-Mango','物品描述：808IouhlBn','影视用品',0,0,145.2,'fluots'),(213,76,'Mango','物品描述：qb0RioOCiZ','收藏品及美术用品',0,1,198,'Plucts premium'),(214,20,'Mzngo pi','物品描述：2KqKc8DO5x','服装，鞋子和珠宝',0,1,41.4,'Orange'),(215,84,'Apple','物品描述：fR5rEnxcRr','手工制作',0,1,106.9,'Cherry'),(216,42,'Apple se','物品描述：sv7ZRABAbg','家电',0,1,166.5,'Apzle'),(217,64,'Pluots','物品描述：6u6krvIaEs','保健，家庭及婴儿护理',0,1,21.7,'Kiwi pro'),(218,67,'Raspberry','物品描述：a1n4Gn3T45','保健，家庭及婴儿护理',0,1,147.7,'srape'),(219,57,'iPluots','物品描述：2xgJF2cYkd','应用程式及游戏',0,1,47,'Grape'),(220,10,'Mahgo','物品描述：6GgX89x1iB','保健，家庭及婴儿护理',0,1,117.5,'Grape'),(221,27,'Raspberry','物品描述：z0VmXhC4kO','电子游戏',0,1,87.9,'Kiwi'),(222,75,'ciwi elite','物品描述：RfPE1Sxxlc','服装，鞋子和珠宝',0,1,143.8,'xiwi'),(223,36,'nango','物品描述：JkOID3u8lm','行李及旅行装备',0,1,69,'Manbo plus'),(224,33,'Mango','物品描述：8IOxMeGIEY','花园与户外',0,1,99.6,'Kiyi pro'),(225,67,'Kiwi','物品描述：uwVwamZWbG','应用程式及游戏',0,1,79.5,'Kiwi'),(226,24,'Kiwi elite','物品描述：7YGrGQ8Poi','保健，家庭及婴儿护理',0,1,157.5,'faspberry pro'),(227,55,'Apple pro','物品描述：91H218K2FA','电脑与电子用品',0,1,124.3,'arange'),(228,87,'Cherry plus','物品描述：MDIZOviSwh','工具与家居装饰',0,1,69.6,'Ptuots'),(229,78,'Cherry','物品描述：Jc14mYfVXS','工具与家居装饰',0,1,43.6,'Chjrry'),(230,7,'Raspberry plus','物品描述：FOqii9gN3W','行李及旅行装备',0,1,194.6,'Chbrry'),(231,76,'ambi-Raspberry','物品描述：SQAZdapo6g','应用程式及游戏',0,1,73.4,'Raspberry'),(232,41,'omni-Orange','物品描述：bZHF7gQDGI','CD及黑胶唱片',0,1,39.5,'Chekry'),(233,15,'Apple','物品描述：IlHJUfAFFE','工业及科学用品',0,1,28.5,'omni-Cherry'),(234,45,'hango mini','物品描述：QjkU7M17wH','运动与户外用品',0,1,59.2,'Cberry core'),(235,13,'ultra-Strawberry','物品描述：p2XqsduTFh','工具与家居装饰',0,1,147.5,'Strawberry elite'),(236,35,'Oratge mini','物品描述：oQ8j1iw8m9','工业及科学用品',0,1,167.5,'Rasbutan plus'),(237,70,'Strawjerry elite','物品描述：qYqK5Bwe4O','花园与户外',0,1,97.9,'Apple'),(238,87,'aluots','物品描述：Y1srdKqCn3','电脑与电子用品',0,1,70.7,'Pluots air'),(239,41,'ambi-Mango','物品描述：wrfikHJfCn','影视用品',0,1,80,'ultra-Kiwi'),(240,42,'hango','物品描述：lmN8rFmYeL','宠物用品',0,1,168.7,'Plfots mini'),(241,83,'xwango','物品描述：G4XGoGNcWS','玩具与游戏',0,1,86,'iOranfe'),(242,21,'Grqpe','物品描述：NQZWrgwBFr','婴儿用品',0,1,106.5,'Apvle core'),(243,58,'Mango','物品描述：jKxTavPy5Y','书本',0,1,104.1,'xpple se'),(244,70,'Strawberry','物品描述：QzwBTJWI3H','应用程式及游戏',0,1,85.1,'Rapbutan'),(245,64,'xMaogo','物品描述：8BWE2mKtvw','婴儿用品',0,1,159.4,'Pluots premium'),(246,83,'Strawberry','物品描述：rwU2LU8VAP','食品',0,1,102.4,'Pluots'),(247,84,'iiiwi','物品描述：uKcJF3ggEl','收藏品及美术用品',0,1,51.6,'omni-Chprry'),(248,45,'Raspberry','物品描述：n8bTplOgpe','电子游戏',0,1,118.2,'Chermy pi'),(249,78,'Strawberry se','物品描述：JSd8U57MpT','应用程式及游戏',0,1,24.9,'Raspbwrry elite'),(250,51,'Apple','物品描述：IiDXYUR6gR','其他',0,1,131,'Kiwi se'),(251,73,'Rambutan pro','物品描述：IHTn3KAGiN','美容与个人护理',0,1,20.6,'Rambutan'),(252,39,'Kiwi','物品描述：8zDgDTN4FF','宠物用品',0,1,134.8,'Pluoas pi'),(253,72,'Rambutan','物品描述：uEoirfQkEU','电脑与电子用品',0,1,122.4,'Cyerry'),(254,96,'Grnpe','物品描述：V59xPwMhR4','应用程式及游戏',0,1,53.8,'Rasplerry elite'),(255,46,'Mango core','物品描述：O4wjGMqkTJ','手机及配件',0,1,167.5,'Raspberry'),(256,23,'Mango pro','物品描述：uL1u3navAt','花园与户外',0,1,124.1,'Manso'),(257,88,'Mlngo plus','物品描述：VnJIcuWEAx','汽车零配件',0,1,83.2,'Raspberry'),(258,82,'Kiwi','物品描述：cL3FwC3vJ7','优质美容',0,1,198,'Rambutjn'),(259,9,'Kiai','物品描述：jimc0l6hro','花园与户外',0,1,10.2,'npple premium'),(260,63,'Pluots elite','物品描述：yKhXoIbraD','电脑与电子用品',0,1,12.1,'Grape elite'),(261,19,'kango core','物品描述：o63HpYcNmt','CD及黑胶唱片',0,1,182.7,'qaspberry elite'),(262,98,'trange pro','物品描述：rzVfhsMjIM','手机及配件',0,1,86.9,'Cherry'),(263,38,'Rambutcn pi','物品描述：CYS0108UXZ','书本',0,1,110.7,'Cberry'),(264,40,'Raspberry mini','物品描述：kxie3ScJhV','玩具与游戏',0,1,194,'iCherry'),(265,31,'ambi-Mango','物品描述：kvz00x353u','玩具与游戏',0,1,19.2,'Mango se'),(266,80,'Orange elite','物品描述：5XyrluNGT1','CD及黑胶唱片',0,1,112.5,'Grape'),(267,1,'Grspe core','物品描述：nmMoHmprew','影视用品',0,1,181,'Raspborry'),(268,57,'Pluots','物品描述：VdcUUzT08q','电子游戏',0,1,77,'Kiwi'),(269,95,'dango','物品描述：BttXR1AZKu','美容与个人护理',0,1,6.7,'Kjwi'),(270,14,'Rambutan pro','物品描述：PlK545yJTQ','电子游戏',0,1,1.4,'brange'),(271,49,'Kiwi','物品描述：8Ev3ht5uOU','家居及厨房用具',0,1,43.6,'Grape pi'),(272,49,'xGrape','物品描述：dOwSfSxJJN','汽车零配件',0,1,182.7,'ultra-Orange'),(273,74,'Pluots se','物品描述：VoBxNzfYLF','影视用品',0,1,184.1,'ultra-Orbnge'),(274,13,'Kiwi pi','物品描述：ydG4W9JGzC','工业及科学用品',0,1,60.2,'Strawberry air'),(275,56,'ultra-Oraege','物品描述：665oYz5nAM','优质美容',0,1,113.9,'Mango'),(276,97,'zango mini','物品描述：21warhL77F','书本',0,1,60.8,'Pluots pro'),(277,15,'iApple','物品描述：4MKJAMp7x1','服装，鞋子和珠宝',0,1,55.2,'Appge'),(278,38,'Kiwi','物品描述：kXrWnqtbkf','宠物用品',0,1,15.8,'Grape'),(279,93,'Grape plus','物品描述：IU00NJ0hQN','婴儿用品',0,1,1.3,'Grape'),(280,39,'Strawbezry se','物品描述：mtzN3f9Edv','电脑与电子用品',0,1,190.9,'Grape'),(281,81,'trape','物品描述：JUoVdFA1qm','玩具与游戏',0,1,7.2,'Pluxts elite'),(282,31,'Strawherry pro','物品描述：PDL1nYnU7q','电脑与电子用品',0,1,10.3,'Pyuots'),(283,62,'urape core','物品描述：UnQ1l5i86j','运动与户外用品',0,1,112.7,'omni-Pluots'),(284,86,'ambi-Pluohs','物品描述：M65x6C8Nt6','工具与家居装饰',0,1,48.9,'Grape'),(285,62,'ambi-wtrawberry','物品描述：BAQN4h0Ft5','家电',0,1,21.8,'Raqbutan pi'),(286,40,'Mango','物品描述：xhggTzgbau','优质美容',0,1,65.4,'Orange'),(287,96,'Chprry','物品描述：Y9QRPpyWIc','运动与户外用品',0,1,171.6,'Grape core'),(288,11,'xtrawberry pi','物品描述：MbhKSpxgrk','婴儿用品',0,1,53.6,'Orange'),(289,66,'Pluots pi','物品描述：fGxs3s5tTQ','手机及配件',0,1,132.3,'Strawberry'),(290,58,'Apple','物品描述：PZu7PuIloi','美容与个人护理',0,1,22.8,'Grale'),(291,77,'iRaspbhrry','物品描述：d7FB8zSbig','收藏品及美术用品',0,1,11.7,'omni-Strawberry'),(292,8,'xRaspbeqry','物品描述：UlTBcjDDhm','工业及科学用品',0,1,196,'ambi-Rambutyn'),(293,6,'iCherry','物品描述：Sxqhb1sIFs','工业及科学用品',0,1,171.9,'Rambusan'),(294,25,'aherry mini','物品描述：JH3xMO35MH','家电',0,1,103.2,'Chefry core'),(295,60,'Chprry','物品描述：9yCu25jJpH','运动与户外用品',0,1,160.9,'iApple'),(296,10,'Mjngo','物品描述：NY8XNY85eB','花园与户外',0,1,81.6,'ultra-Caerry'),(297,56,'Kini','物品描述：cSQK8IUY4n','服装，鞋子和珠宝',0,1,191.2,'Grape'),(298,7,'Mango','物品描述：caUFJEwuuN','保健，家庭及婴儿护理',0,1,37.7,'yambutan se'),(299,52,'Mango mini','物品描述：PfcIQyo1YH','家居及厨房用具',0,1,144.2,'Pluots'),(300,53,'Appae','物品描述：VKnEajcVfT','收藏品及美术用品',0,1,144.4,'nrange'),(301,1,'bb机','bbb','bb',0,1,2,'cc机'),(302,6,'我是添加的','测试','test23',2,0,222,'test123');

/*Table structure for table `trade` */

DROP TABLE IF EXISTS `trade`;

CREATE TABLE `trade` (
  `tid` int NOT NULL AUTO_INCREMENT,
  `tfcid` int NOT NULL,
  `tpid` int NOT NULL,
  `message` varchar(256) DEFAULT (_utf8mb4'无'),
  `tdate` datetime NOT NULL DEFAULT CURRENT_TIMESTAMP,
  `tcon` smallint NOT NULL DEFAULT (0),
  PRIMARY KEY (`tid`),
  KEY `index1` (`tfcid`,`tpid`)
) ENGINE=InnoDB AUTO_INCREMENT=8 DEFAULT CHARSET=utf8mb4 COLLATE=utf8mb4_0900_ai_ci;

/*Data for the table `trade` */

insert  into `trade`(`tid`,`tfcid`,`tpid`,`message`,`tdate`,`tcon`) values (2,1,68,'你好','2023-10-20 18:38:14',0),(3,11,69,'你好','2023-10-20 18:51:26',1),(4,11,69,'我','2023-10-20 19:01:02',1),(5,11,301,'版本','2023-10-20 19:08:27',0),(6,6,301,'你好','2023-10-20 19:29:26',0),(7,19,293,'test','2023-10-20 20:17:42',0);

/*!40101 SET SQL_MODE=@OLD_SQL_MODE */;
/*!40014 SET FOREIGN_KEY_CHECKS=@OLD_FOREIGN_KEY_CHECKS */;
/*!40014 SET UNIQUE_CHECKS=@OLD_UNIQUE_CHECKS */;
/*!40111 SET SQL_NOTES=@OLD_SQL_NOTES */;
